catalog,event,year,Mw_table,usgs_id,epi_lat,epi_lon,depth_km,mechanism_source,mech_mag,NP1_strike,NP1_dip,NP1_rake,NP2_strike,NP2_dip,NP2_rake,fault_model,fault_kind,fault_L_km,fault_W_km,fault_strike,fault_dip,fault_rake,max_slip_m,trace_lon1,trace_lat1,trace_lon2,trace_lat2,usgs_event_url,finite_fault_url
NCREE,1978 Tabas Iran,1978,7.4,usp0000wjx,33.215,57.323,5.75,USGS focal-mechanism,Mww 7.4,328.0,33.0,107.0,128.0,59.0,80.0,Wells & Coppersmith (1994) scaling,mag-scaled from NP1,84.3,22.8,328.0,33.0,107.0,,57.6744,33.06477,57.1936,33.70723,https://earthquake.usgs.gov/earthquakes/eventpage/usp0000wjx,
NCREE,1979 CoyoteLake USA,1979,5.7,nc1046962,37.065,-121.49,8.0,USGS focal-mechanism,Mww 5.8,55.0,55.0,-10.0,151.0,82.0,-145.0,Wells & Coppersmith (1994) scaling,mag-scaled from NP1,9.6,7.0,55.0,55.0,-10.0,,-121.55659,37.07912,-121.46807,37.12855,https://earthquake.usgs.gov/earthquakes/eventpage/nc1046962,
NCREE,1979 ImperialValley 06 USA,1979,6.5,ci3352060,32.644,-115.307,9.96,USGS focal-mechanism,Mww 6.4,136.0,39.0,-180.0,46.0,90.0,-51.0,Wells & Coppersmith (1994) scaling,mag-scaled from NP1,21.7,10.9,136.0,39.0,-180.0,,-115.43951,32.73737,-115.27882,32.5973,https://earthquake.usgs.gov/earthquakes/eventpage/ci3352060,
NCREE,1980 Irpinia 01 Italy,1980,6.9,usp0001ay4,40.8059,15.3372,9.5,USGS focal-mechanism,Mww 6.9,135.0,41.0,-80.0,303.0,50.0,-98.0,Wells & Coppersmith (1994) scaling,mag-scaled from NP1,42.8,15.8,135.0,41.0,-80.0,,15.1863,41.04979,15.5457,40.77821,https://earthquake.usgs.gov/earthquakes/eventpage/usp0001ay4,
S&B 2014,Mammoth Lakes-06,1980,5.9,nc1053054,37.56,-118.83,14.0,USGS focal-mechanism,Mww 6.1,170.0,5.0,80.0,0.0,85.0,91.0,Wells & Coppersmith (1994) scaling,mag-scaled from NP1,14.4,8.7,170.0,5.0,80.0,,-118.82119,37.61762,-118.79281,37.49004,https://earthquake.usgs.gov/earthquakes/eventpage/nc1053054,
NCREE,1981 Westmorland USA,1981,5.9,ci514869,33.1,-115.62,2.3,USGS focal-mechanism,Mww 5.75,249.0,45.0,-8.0,344.0,84.0,-135.0,Wells & Coppersmith (1994) scaling,mag-scaled from NP1,9.0,6.8,249.0,45.0,-8.0,,-115.57963,33.10993,-115.66937,33.08107,https://earthquake.usgs.gov/earthquakes/eventpage/ci514869,
S&B 2014,Westmorland,1981,5.9,ci514869,33.1,-115.62,2.4,USGS focal-mechanism,Mww 5.75,249.0,45.0,-8.0,344.0,84.0,-135.0,Wells & Coppersmith (1994) scaling,mag-scaled from NP1,9.0,6.8,249.0,45.0,-8.0,,-115.57963,33.10993,-115.66937,33.08107,https://earthquake.usgs.gov/earthquakes/eventpage/ci514869,
S&B 2014,Coalinga-07,1983,5.2,nc1102223,36.17,-120.27,9.6,USGS focal-mechanism,Mww 5.47,90.0,50.0,50.0,323.0,54.0,127.0,Wells & Coppersmith (1994) scaling,mag-scaled from NP1,6.1,5.5,90.0,50.0,50.0,,-120.31378,36.21983,-120.24555,36.21983,https://earthquake.usgs.gov/earthquakes/eventpage/nc1102223,
NCREE,1984 MorganHill USA,1984,6.2,nc17204,37.306,-121.695,8.5,USGS focal-mechanism,Mww 6.2,240.0,80.0,10.0,148.0,80.0,170.0,Wells & Coppersmith (1994) scaling,mag-scaled from NP1,16.5,9.4,240.0,80.0,10.0,,-121.59804,37.34677,-121.75962,37.27257,https://earthquake.usgs.gov/earthquakes/eventpage/nc17204,
S&B 2014,Morgan Hill,1984,6.2,nc17204,37.31,-121.68,8.4,USGS focal-mechanism,Mww 6.2,240.0,80.0,10.0,148.0,80.0,170.0,Wells & Coppersmith (1994) scaling,mag-scaled from NP1,16.5,9.4,240.0,80.0,10.0,,-121.59804,37.34677,-121.75962,37.27257,https://earthquake.usgs.gov/earthquakes/eventpage/nc17204,
NCREE,1986 Kalamata 02 Greece,1986,5.4,usp0002y1v,37.1,22.19,5.0,USGS focal-mechanism,Mww 6,350.0,46.0,-130.0,221.0,56.0,-56.0,Wells & Coppersmith (1994) scaling,mag-scaled from NP1,12.6,8.1,350.0,46.0,-130.0,,22.1883,36.95831,22.1637,37.06969,https://earthquake.usgs.gov/earthquakes/eventpage/usp0002y1v,
NCREE,1986 SanSalvador USA,1986,5.8,usp0002yu9,13.633,-89.2,10.9,USGS focal-mechanism,Mww 5.7,272.0,79.0,179.0,2.0,89.0,11.0,Wells & Coppersmith (1994) scaling,mag-scaled from NP1,8.4,6.5,272.0,79.0,179.0,,-89.07928,13.82569,-89.15672,13.82831,https://earthquake.usgs.gov/earthquakes/eventpage/usp0002yu9,
S&B 2014,"Kalamata, Greece-02",1986,5.4,usp0002y1v,37.04,22.14,8.0,USGS focal-mechanism,Mww 6,350.0,46.0,-130.0,221.0,56.0,-56.0,Wells & Coppersmith (1994) scaling,mag-scaled from NP1,12.6,8.1,350.0,46.0,-130.0,,22.1883,36.95831,22.1637,37.06969,https://earthquake.usgs.gov/earthquakes/eventpage/usp0002y1v,
S&B 2014,N. Palm Springs,1986,6.1,ci700917,33.99,-116.61,11.0,USGS focal-mechanism,Mww 6,294.0,37.0,156.0,44.0,76.0,55.0,Wells & Coppersmith (1994) scaling,mag-scaled from NP1,12.6,8.1,294.0,37.0,156.0,,-116.54569,33.976,-116.67031,34.022,https://earthquake.usgs.gov/earthquakes/eventpage/ci700917,
S&B 2014,San Salvador,1986,5.8,usp0002yu9,13.67,-89.16,7.3,USGS focal-mechanism,Mww 5.7,272.0,79.0,179.0,2.0,89.0,11.0,Wells & Coppersmith (1994) scaling,mag-scaled from NP1,8.4,6.5,272.0,79.0,179.0,,-89.07928,13.82569,-89.15672,13.82831,https://earthquake.usgs.gov/earthquakes/eventpage/usp0002yu9,
S&B 2014,Taiwan SMART1(40),1986,6.3,usp0002q43,24.68,121.77,8.0,USGS focal-mechanism,Mww 6,53.0,28.0,-96.0,240.0,62.0,-87.0,Wells & Coppersmith (1994) scaling,mag-scaled from NP1,12.6,8.1,53.0,28.0,-96.0,,121.96326,24.73697,122.06274,24.80503,https://earthquake.usgs.gov/earthquakes/eventpage/usp0002q43,
NCREE,1987 SuperstitionHills 02 USA,1987,6.5,ci628016,33.0222,-115.8314,9.0,USGS focal-mechanism,Mww 6.6,133.0,78.0,178.0,224.0,88.0,12.0,Wells & Coppersmith (1994) scaling,mag-scaled from NP1,28.4,12.6,133.0,78.0,178.0,,-115.96343,33.10213,-115.74057,32.92787,https://earthquake.usgs.gov/earthquakes/eventpage/ci628016,
S&B 2014,Whittier Narrows-01,1987,6.0,ci731691,34.05,-118.08,14.6,USGS focal-mechanism,Mww 5.9,249.0,25.0,58.0,104.0,69.0,104.0,Wells & Coppersmith (1994) scaling,mag-scaled from NP1,11.0,7.6,249.0,25.0,58.0,,-118.02337,34.07869,-118.13463,34.04331,https://earthquake.usgs.gov/earthquakes/eventpage/ci731691,
NCREE,1989 LomaPrieta USA,1989,6.9,nc216859,37.0407,-121.8829,17.48,USGS focal-mechanism,Mww 6.9,130.0,75.0,130.0,237.0,42.0,23.0,Wells & Coppersmith (1994) scaling,mag-scaled from NP1,42.8,15.8,130.0,75.0,130.0,,-122.06413,37.15961,-121.69554,36.91272,https://earthquake.usgs.gov/earthquakes/eventpage/nc216859,
S&B 2014,Loma Prieta,1989,6.9,nc216859,37.04,-121.88,17.5,USGS focal-mechanism,Mww 6.9,130.0,75.0,130.0,237.0,42.0,23.0,Wells & Coppersmith (1994) scaling,mag-scaled from NP1,42.8,15.8,130.0,75.0,130.0,,-122.06413,37.15961,-121.69554,36.91272,https://earthquake.usgs.gov/earthquakes/eventpage/nc216859,
NCREE,1992 CapeMendocino USA,1992,7.0,nc269151,40.327,-124.233,9.5,USGS focal-mechanism,Mww 7.2,135.0,70.0,50.0,23.0,44.0,150.0,Wells & Coppersmith (1994) scaling,mag-scaled from NP1,64.3,19.7,135.0,70.0,50.0,,-124.49644,40.53945,-123.96089,40.13122,https://earthquake.usgs.gov/earthquakes/eventpage/nc269151,
NCREE,1992 Landers USA,1992,7.3,ci3031111,34.2,-116.436,7.0,USGS moment-tensor,Mww 7.3,161.0,63.0,185.0,68.0,85.0,-26.0,Wells & Coppersmith (1994) scaling,mag-scaled from NP1,73.6,21.2,161.0,63.0,185.0,,-116.56716,34.51266,-116.30684,33.88734,https://earthquake.usgs.gov/earthquakes/eventpage/ci3031111,
S&B 2014,"Joshua Tree, CA",1992,6.1,ci3019681,33.96,-116.32,12.3,USGS focal-mechanism,Mww 6.1,81.0,87.0,-1.0,171.0,89.0,-177.0,Wells & Coppersmith (1994) scaling,mag-scaled from NP1,14.4,8.7,81.0,87.0,-1.0,,-116.39413,33.94987,-116.23987,33.97013,https://earthquake.usgs.gov/earthquakes/eventpage/ci3019681,
NCREE,1994 Northridge 01 USA,1994,6.7,ci3144585,34.2057,-118.5539,17.5,USGS focal-mechanism,Mww 6.7,278.0,42.0,65.0,130.0,53.0,111.0,Wells & Coppersmith (1994) scaling,mag-scaled from NP1,32.6,13.6,278.0,42.0,65.0,,-118.36175,34.19263,-118.71225,34.23337,https://earthquake.usgs.gov/earthquakes/eventpage/ci3144585,
NCREE,1995 Kobe Japan,1995,6.9,usp0006rew,34.596,135.011,17.9,USGS moment-tensor,Mww 6.9,50.0,89.0,207.0,320.0,62.0,0.0,Wells & Coppersmith (1994) scaling,mag-scaled from NP1,42.8,15.8,50.0,89.0,207.0,,134.83931,34.45956,135.19669,34.70644,https://earthquake.usgs.gov/earthquakes/eventpage/usp0006rew,
NCREE,1998 Rayli Taiwan,1998,5.72,usp0008rnv,23.5023,120.6612,6.18,USGS moment-tensor,Mww 5.7,37.0,36.0,97.0,208.0,54.0,85.0,Wells & Coppersmith (1994) scaling,mag-scaled from NP1,8.4,6.5,37.0,36.0,97.0,,120.71133,23.37696,120.76067,23.43704,https://earthquake.usgs.gov/earthquakes/eventpage/usp0008rnv,
NCREE,1999 ChiChi 05 Taiwan,1999,6.19,usp0009f1e,23.865,121.0395,19.08,USGS moment-tensor,Mww 6.5,12.0,20.0,95.0,187.0,70.0,88.0,Wells & Coppersmith (1994) scaling,mag-scaled from NP1,24.8,11.7,12.0,20.0,95.0,,121.13267,23.62891,121.18333,23.84709,https://earthquake.usgs.gov/earthquakes/eventpage/usp0009f1e,
NCREE,1999 ChiChi Taiwan,1999,7.65,usp0009eq0,23.85,120.82,8.0,USGS moment-tensor,Mww 7.6,209.0,68.0,89.0,31.0,21.0,92.0,USGS finite-fault (slip-model),USGS finite-fault (slip-model),144.0,50.9,3.0,30.0,57.0,5.64,120.7904,23.43854,120.86452,24.73276,https://earthquake.usgs.gov/earthquakes/eventpage/usp0009eq0,https://earthquake.usgs.gov/earthquakes/eventpage/usp0009eq0/finite-fault
NCREE,1999 Chiayi 01 Taiwan,1999,5.86,usp0009gd0,23.5292,120.4506,16.0,USGS moment-tensor,Mww 5.9,178.0,49.0,54.0,46.0,52.0,125.0,Wells & Coppersmith (1994) scaling,mag-scaled from NP1,11.0,7.6,178.0,49.0,54.0,,120.50412,23.49433,120.50788,23.39567,https://earthquake.usgs.gov/earthquakes/eventpage/usp0009gd0,
NCREE,1999 Chiayi Taiwan,1999,6.42,usp0009erf,23.6,120.82,18.0,USGS moment-tensor,Mww 6.4,246.0,89.0,179.0,336.0,89.0,1.0,Wells & Coppersmith (1994) scaling,mag-scaled from NP1,21.7,10.9,246.0,89.0,179.0,,121.06091,23.4296,120.86709,23.3504,https://earthquake.usgs.gov/earthquakes/eventpage/usp0009erf,
NCREE,1999 Duzce Turkey,1999,7.1,usp0009hev,40.8345,31.1346,14.0,USGS moment-tensor,Mww 7.1,266.0,73.0,204.0,168.0,66.0,-18.0,Wells & Coppersmith (1994) scaling,mag-scaled from NP1,64.3,19.7,266.0,73.0,204.0,,31.54116,40.77814,30.78084,40.73786,https://earthquake.usgs.gov/earthquakes/eventpage/usp0009hev,
NCREE,1999 Hualien Taiwan,1999,6.31,usp0009gyc,23.3688,121.693,33.37,USGS moment-tensor,Mww 6.3,218.0,38.0,108.0,15.0,54.0,76.0,Wells & Coppersmith (1994) scaling,mag-scaled from NP1,18.9,10.1,218.0,38.0,108.0,,121.57701,23.44498,121.46299,23.31102,https://earthquake.usgs.gov/earthquakes/eventpage/usp0009gyc,
NCREE,1999 Kocaeli Turkey,1999,7.5,usp0009d4z,40.748,29.99,16.0,USGS moment-tensor,Mww 7.5,178.0,74.0,9.0,85.0,81.0,163.0,USGS finite-fault (slip-model),USGS finite-fault (slip-model),175.0,33.6,91.0,87.0,164.0,7.23,29.56899,40.7548,31.31505,40.73171,https://earthquake.usgs.gov/earthquakes/eventpage/usp0009d4z,https://earthquake.usgs.gov/earthquakes/eventpage/usp0009d4z/finite-fault
NCREE,2000 Tottori Japan,2000,6.6,usp000a1b0,35.275,133.35,12.5,USGS moment-tensor,Mww 6.6,61.0,66.0,187.0,329.0,83.0,-23.0,Wells & Coppersmith (1994) scaling,mag-scaled from NP1,32.6,13.6,61.0,66.0,187.0,,132.97686,35.38505,133.29114,35.52695,https://earthquake.usgs.gov/earthquakes/eventpage/usp000a1b0,
S&B 2014,"Tottori, Japan",2000,6.6,usp000a1b0,35.27,133.35,10.0,USGS moment-tensor,Mww 6.6,61.0,66.0,187.0,329.0,83.0,-23.0,Wells & Coppersmith (1994) scaling,mag-scaled from NP1,32.6,13.6,61.0,66.0,187.0,,132.97686,35.38505,133.29114,35.52695,https://earthquake.usgs.gov/earthquakes/eventpage/usp000a1b0,
S&B 2014,Yountville,2000,5.0,nc21123384,38.38,-122.41,10.1,USGS focal-mechanism,Mww 4.9,240.0,75.0,0.0,150.0,90.0,-165.0,Wells & Coppersmith (1994) scaling,mag-scaled from NP1,2.8,3.6,240.0,75.0,0.0,,-122.39932,38.38518,-122.42735,38.37249,https://earthquake.usgs.gov/earthquakes/eventpage/nc21123384,
NCREE,2002 Denali Alaska,2002,7.9,ak002e435qpj,63.542,-147.4444,8.9,USGS moment-tensor,Mww 7.9,209.0,73.0,24.0,112.0,66.0,162.0,USGS finite-fault (slip-model),USGS finite-fault (slip-model),40.0,28.0,250.0,40.0,90.0,15.0,-143.79918,63.57354,-147.58003,62.95982,https://earthquake.usgs.gov/earthquakes/eventpage/ak002e435qpj,https://earthquake.usgs.gov/earthquakes/eventpage/ak002e435qpj/finite-fault
NCREE,2002 Hualien Offshore Taiwan,2002,7.12,usp000b1e2,24.1602,122.172,33.0,USGS moment-tensor,Mww 7.0,286.0,34.0,111.0,81.0,57.0,75.0,Wells & Coppersmith (1994) scaling,mag-scaled from NP1,56.1,18.3,286.0,34.0,111.0,,122.44474,24.20954,121.91326,24.34846,https://earthquake.usgs.gov/earthquakes/eventpage/usp000b1e2,
NCREE,2003 Bam Iran,2003,6.6,usp000cg2d,28.984,58.359,6.0,USGS moment-tensor,Mww 6.6,175.0,49.0,175.0,268.0,86.0,41.0,Wells & Coppersmith (1994) scaling,mag-scaled from NP1,28.4,12.6,175.0,49.0,175.0,,58.29827,29.12227,58.32373,28.86773,https://earthquake.usgs.gov/earthquakes/eventpage/usp000cg2d,
NCREE,2004 Niigata Japan,2004,6.6,usp000d6vn,37.307,138.839,10.6,USGS moment-tensor,Mww 6.1,32.0,41.0,87.0,216.0,49.0,93.0,Wells & Coppersmith (1994) scaling,mag-scaled from NP1,14.4,8.7,32.0,41.0,87.0,,138.77284,37.26307,138.85916,37.37293,https://earthquake.usgs.gov/earthquakes/eventpage/usp000d6vn,
NCREE,2004 Parkfield 02 CA,2004,6.0,nc30228270,35.817,-120.365,8.1,USGS focal-mechanism,Mww 5.97,145.0,85.0,-170.0,54.0,80.0,-5.0,Wells & Coppersmith (1994) scaling,mag-scaled from NP1,12.1,8.0,145.0,85.0,-170.0,,-120.4044,35.86264,-120.3276,35.7737,https://earthquake.usgs.gov/earthquakes/eventpage/nc30228270,
NCREE,2004 Taitung Taiwan,2004,6.24,usp000cvj3,22.7262,121.3695,24.03,USGS moment-tensor,Mww 6.2,358.0,45.0,49.0,229.0,58.0,124.0,Wells & Coppersmith (1994) scaling,mag-scaled from NP1,16.5,9.4,358.0,45.0,49.0,,121.50781,22.58785,121.50219,22.73615,https://earthquake.usgs.gov/earthquakes/eventpage/usp000cvj3,
S&B 2014,"Niigata, Japan",2004,6.6,usp000d6vn,37.31,138.83,13.0,USGS moment-tensor,Mww 6.1,32.0,41.0,87.0,216.0,49.0,93.0,Wells & Coppersmith (1994) scaling,mag-scaled from NP1,14.4,8.7,32.0,41.0,87.0,,138.77284,37.26307,138.85916,37.37293,https://earthquake.usgs.gov/earthquakes/eventpage/usp000d6vn,
NCREE,2005 Ilan Suao Taiwan,2005,5.77,usp000dhkn,24.6573,121.8135,10.17,USGS moment-tensor,Mww 5.7,4.0,66.0,-156.0,264.0,68.0,-26.0,Wells & Coppersmith (1994) scaling,mag-scaled from NP1,8.4,6.5,4.0,66.0,-156.0,,121.93211,24.59947,121.93789,24.67453,https://earthquake.usgs.gov/earthquakes/eventpage/usp000dhkn,
NCREE,2006 Hengchun Offshore 01 Taiwan,2006,7.02,usp000f114,21.887,120.5684,44.1,USGS moment-tensor,Mww 7.0,319.0,69.0,257.0,170.0,23.0,-60.0,Wells & Coppersmith (1994) scaling,mag-scaled from NP1,56.1,18.3,319.0,69.0,257.0,,120.72506,21.60881,120.36894,21.98919,https://earthquake.usgs.gov/earthquakes/eventpage/usp000f114,
NCREE,2006 Hengchun Offshore Taiwan,2006,6.94,usp000f115,22.0297,120.4051,33.8,USGS moment-tensor,Mww 6.9,151.0,48.0,0.0,61.0,90.0,138.0,Wells & Coppersmith (1994) scaling,mag-scaled from NP1,42.8,15.8,151.0,48.0,0.0,,120.3926,22.14196,120.5934,21.80604,https://earthquake.usgs.gov/earthquakes/eventpage/usp000f115,
NCREE,2006 Taitung Taiwan,2006,6.17,usp000ede6,22.881,121.0648,9.71,USGS moment-tensor,Mww 6.1,199.0,63.0,11.0,104.0,80.0,153.0,Wells & Coppersmith (1994) scaling,mag-scaled from NP1,14.4,8.7,199.0,63.0,11.0,,121.30089,22.92924,121.25511,22.80676,https://earthquake.usgs.gov/earthquakes/eventpage/usp000ede6,
NCREE,2007 Chuetsu-oki Japan,2007,6.8,usp000fg9t,37.5382,138.6174,9.0,USGS moment-tensor,Mww 6.6,215.0,57.0,83.0,46.0,33.0,99.0,Wells & Coppersmith (1994) scaling,mag-scaled from NP1,28.4,12.6,215.0,57.0,83.0,,138.53841,37.63966,138.35359,37.43034,https://earthquake.usgs.gov/earthquakes/eventpage/usp000fg9t,
S&B 2014,Chuetsu-oki,2007,6.8,usp000fg9t,37.54,138.45,10.0,USGS moment-tensor,Mww 6.6,215.0,57.0,83.0,46.0,33.0,99.0,Wells & Coppersmith (1994) scaling,mag-scaled from NP1,28.4,12.6,215.0,57.0,83.0,,138.53841,37.63966,138.35359,37.43034,https://earthquake.usgs.gov/earthquakes/eventpage/usp000fg9t,
S&B 2014,Iwate,2008,6.9,usp000g9h6,39.03,140.88,7.8,USGS moment-tensor,Mww 6.8,28.0,40.0,100.0,194.0,50.0,80.0,Wells & Coppersmith (1994) scaling,mag-scaled from NP1,42.8,15.8,28.0,40.0,100.0,,140.76494,38.86044,140.99706,39.19956,https://earthquake.usgs.gov/earthquakes/eventpage/usp000g9h6,
S&B 2014,"Wenchuan, China",2008,7.9,usp000g650,31.0,103.4,19.0,USGS moment-tensor,Mww 8.0,337.0,76.0,63.0,222.0,29.0,151.0,USGS finite-fault (slip-model),USGS finite-fault (slip-model),131.9,27.6,222.6,28.0,110.0,10.6,105.36173,32.83088,103.33489,30.94157,https://earthquake.usgs.gov/earthquakes/eventpage/usp000g650,https://earthquake.usgs.gov/earthquakes/eventpage/usp000g650/finite-fault
NCREE,2009 Hualien Offshore Taiwan,2009,6.47,usp000h56g,23.7988,121.657,43.05,USGS moment-tensor,Mww 6.4,249.0,31.0,144.0,11.0,73.0,64.0,Wells & Coppersmith (1994) scaling,mag-scaled from NP1,21.7,10.9,249.0,31.0,144.0,,121.70434,23.83089,121.50566,23.76111,https://earthquake.usgs.gov/earthquakes/eventpage/usp000h56g,
NCREE,2009 LAquila Italy,2009,6.3,usp000gvtu,42.3476,13.38,9.27,USGS moment-tensor,Mww 6.3,121.0,43.0,-122.0,343.0,55.0,-61.0,Wells & Coppersmith (1994) scaling,mag-scaled from NP1,18.9,10.1,121.0,43.0,-122.0,,13.23544,42.37778,13.43256,42.29022,https://earthquake.usgs.gov/earthquakes/eventpage/usp000gvtu,
NCREE,2009 Nantou Taiwan,2009,5.6,usp000h3s7,23.7878,120.7282,23.55,USGS moment-tensor,Mww 5.6,344.0,56.0,39.0,230.0,59.0,139.0,Wells & Coppersmith (1994) scaling,mag-scaled from NP1,7.3,6.1,344.0,56.0,39.0,,120.75389,23.69943,120.73411,23.76257,https://earthquake.usgs.gov/earthquakes/eventpage/usp000h3s7,
NCREE,2010 Darfield NewZealand,2010,7.0,usp000hk46,-43.615,172.049,10.9,USGS moment-tensor,Mww 7.0,177.0,64.0,355.0,269.0,86.0,-154.0,Wells & Coppersmith (1994) scaling,mag-scaled from NP1,49.0,17.0,177.0,64.0,355.0,,171.81412,-43.30231,171.84588,-43.74169,https://earthquake.usgs.gov/earthquakes/eventpage/usp000hk46,
NCREE,2010 ElMayor-Cucapah Mexico,2010,7.2,ci14607652,32.3,-115.267,5.45,USGS moment-tensor,Mww 7.2,222.0,59.0,-14.0,319.0,77.0,-147.0,Wells & Coppersmith (1994) scaling,mag-scaled from NP1,64.3,19.7,222.0,59.0,-14.0,,-115.06685,32.50069,-115.52381,32.07165,https://earthquake.usgs.gov/earthquakes/eventpage/ci14607652,
NCREE,2010 Jiaxian Taiwan,2010,6.29,usp000h8nd,22.979,120.7316,22.6,USGS moment-tensor,Mww 6.3,310.0,26.0,42.0,181.0,72.0,110.0,Wells & Coppersmith (1994) scaling,mag-scaled from NP1,18.9,10.1,310.0,26.0,42.0,,120.86569,22.86337,120.72431,22.97263,https://earthquake.usgs.gov/earthquakes/eventpage/usp000h8nd,
NCREE,2011 Christchurch NewZealand,2011,6.2,usp000huvq,-43.571,172.703,6.0,USGS moment-tensor,Mww 6.1,64.0,59.0,156.0,166.0,70.0,33.0,Wells & Coppersmith (1994) scaling,mag-scaled from NP1,14.4,8.7,64.0,59.0,156.0,,172.59963,-43.61139,172.76037,-43.55461,https://earthquake.usgs.gov/earthquakes/eventpage/usp000huvq,
NCREE,2013 Nantou 01 Taiwan,2013,6.01,usb000hbrt,23.9004,121.0537,19.4,USGS moment-tensor,Mww 6.161615120548138,14.0,29.0,87.0,198.0,61.0,92.0,Wells & Coppersmith (1994) scaling,mag-scaled from NP1,16.5,9.4,14.0,29.0,87.0,,121.12138,23.71701,121.16062,23.86099,https://earthquake.usgs.gov/earthquakes/eventpage/usb000hbrt,
NCREE,2013 Ruisui Taiwan,2013,6.32,usc000ksdy,23.5679,121.3463,14.98,USGS moment-tensor,Mww 6.260907795889514,201.0,45.0,39.0,81.0,63.0,128.0,Wells & Coppersmith (1994) scaling,mag-scaled from NP1,18.9,10.1,201.0,45.0,39.0,,121.46984,23.66975,121.40336,23.51105,https://earthquake.usgs.gov/earthquakes/eventpage/usc000ksdy,
NCREE,2015 Gorkha Nepal,2015,7.8,us20002926,28.231,84.731,8.2,USGS moment-tensor,Mww 7.8,99.0,83.0,89.0,290.0,7.0,101.0,USGS finite-fault (slip-model),USGS finite-fault (slip-model),193.2,168.0,293.0,7.0,108.0,4.48,85.90195,27.73133,84.32271,28.32194,https://earthquake.usgs.gov/earthquakes/eventpage/us20002926,https://earthquake.usgs.gov/earthquakes/eventpage/us20002926/finite-fault
NCREE,2016 Kaikoura NewZealand,2016,7.8,us1000778i,-42.737,173.054,15.1,USGS moment-tensor,Mww 7.8,354.0,61.0,64.0,219.0,38.0,128.0,USGS finite-fault (slip-model),USGS finite-fault (slip-model),97.5,26.0,255.0,80.0,180.0,5.25,174.93177,-41.70442,172.16579,-42.24876,https://earthquake.usgs.gov/earthquakes/eventpage/us1000778i,https://earthquake.usgs.gov/earthquakes/eventpage/us1000778i/finite-fault
NCREE,2016 Kumamoto Japan,2016,7.0,us20005iis,32.791,130.754,15.1,USGS moment-tensor,Mww 7.0,224.0,66.0,-151.0,122.0,64.0,-26.0,USGS finite-fault (slip-model),USGS finite-fault (slip-model),90.0,26.1,224.0,66.0,208.0,3.44,131.0019,33.02722,130.40701,32.50935,https://earthquake.usgs.gov/earthquakes/eventpage/us20005iis,https://earthquake.usgs.gov/earthquakes/eventpage/us20005iis/finite-fault
NCREE,2016 Meinong Taiwan,2016,6.4,us20004y6h,22.922,120.544,14.6,USGS moment-tensor,Mww 6.4,174.0,75.0,110.0,299.0,25.0,38.0,Wells & Coppersmith (1994) scaling,mag-scaled from NP1,21.7,10.9,174.0,75.0,110.0,,120.59035,23.03433,120.61245,22.84067,https://earthquake.usgs.gov/earthquakes/eventpage/us20004y6h,
Yen 2022,KumaFore,2016,6.1,us20005i1a,32.74,130.81,11.4,USGS moment-tensor,Mww 6.0,120.0,87.0,9.0,30.0,81.0,177.0,Wells & Coppersmith (1994) scaling,mag-scaled from NP1,12.6,8.1,120.0,87.0,9.0,,130.66221,32.72557,130.77859,32.66903,https://earthquake.usgs.gov/earthquakes/eventpage/us20005i1a,
NCREE,2018 Hualien Taiwan,2018,6.42,us1000cfn6,24.1162,121.7225,4.89,USGS moment-tensor,Mww 6.1,298.31,13.62,137.84,69.65,80.91,79.82,Wells & Coppersmith (1994) scaling,mag-scaled from NP1,14.4,8.7,298.31,13.62,137.84,,121.7703,24.12648,121.6453,24.18792,https://earthquake.usgs.gov/earthquakes/eventpage/us1000cfn6,
Yen 2022,Iburi,2018,6.7,us2000h8ty,42.69,141.93,37.0,USGS moment-tensor,Mww 6.6,167.11,30.14,102.38,332.87,60.63,82.91,Wells & Coppersmith (1994) scaling,mag-scaled from NP1,28.4,12.6,167.11,30.14,102.38,,141.89063,42.81064,141.96817,42.56156,https://earthquake.usgs.gov/earthquakes/eventpage/us2000h8ty,
